   ,Water depth,Env. condition,Mooring config,Direction,Misalignment,"Max A1, single"  ,"Max A2, single"  ,"Max A3, single"  ,Max shared mooring,Dir shared mooring,Max shared mooring 2 anchors,"Max A1,T1 shared","Max A2,T2 shared","Max A3,T3 shared",Sequence runs T2,Sequence runs T3
0  ,120        ,DLC1.6        ,taut          ,0        ,-8          ,4168784.4740295135,9708958.210726995 ,9425235.377033062 ,4390864.405060749 ,164.59775504602058,9264764.331153989           ,4064474.840283867 ,8970939.588133192 ,7624343.099318607 ,564312          ,614235
1  ,120        ,DLC1.6        ,taut          ,0        ,0           ,4119149.3475742447,9543884.604759365 ,9581254.57812367  ,4706362.274165236 ,186.1832860791431 ,9278778.451372093           ,4106016.9555429043,8492329.687443813 ,9077669.55491869  ,312645          ,214563
2  ,120        ,DLC1.6        ,taut          ,0        ,8           ,4176781.532605265 ,9381285.894675137 ,9673147.433327049 ,4756455.578406127 ,178.19162155551695,9361528.362741979           ,4184438.393158177 ,9025184.793033287 ,8851865.305943485 ,462531          ,541362
3  ,120        ,DLC1.6        ,taut          ,30       ,-8          ,5164629.4456731025,11075296.617710976,6958265.035147618 ,4321825.27954433  ,150.4036795834274 ,9826057.75199051            ,4932771.766675439 ,9923061.883172764 ,7458366.156612098 ,462135          ,614523
4  ,120        ,DLC1.6        ,taut          ,30       ,0           ,5101590.43855148  ,10990380.220287032,7099236.797245664 ,4547877.581920153 ,141.06215694458558,9706690.891145905           ,5498394.870162916 ,10686065.81522173 ,7385658.956011308 ,634521          ,365124
5  ,120        ,DLC1.6        ,taut          ,30       ,8           ,5114791.176968704 ,10886171.609024668,7197806.396364718 ,4789571.553246592 ,140.96020073962407,9607047.260562796           ,5024498.625059647 ,10486327.302059546,7002873.070268152 ,452361          ,265341
6  ,120        ,DLC1.6        ,taut          ,60       ,-8          ,6554602.963572979 ,10335222.581021847,6319457.457998709 ,4809207.796202643 ,75.55223659226071 ,9405456.64167205            ,8246364.826900628 ,9735269.695328258 ,4357691.820697826 ,346512          ,234615
7  ,120        ,DLC1.6        ,taut          ,60       ,0           ,6362823.561963763 ,10290650.98504994 ,6533308.762032121 ,4038971.100781142 ,67.16649653143675 ,9335009.818538787           ,8172057.722646877 ,8753881.3867755   ,4455551.624068042 ,234165          ,612345
8  ,120        ,DLC1.6        ,taut          ,60       ,8           ,6093212.418307411 ,10309678.529409494,6775491.182093743 ,3951419.6969906436,133.73901770805708,9254191.63242388            ,5528651.097882167 ,9908831.952656087 ,6612292.528988849 ,254361          ,631524
9  ,120        ,SLC           ,taut          ,0        ,-8          ,10208130.230270663,6150767.070391128 ,6617210.530129775 ,3175275.3369192802,204.92778972821415,9329915.365701772           ,4664958.897261321 ,6771755.946591107 ,8317093.289602903 ,214635          ,235164
10 ,120        ,SLC           ,taut          ,0        ,0           ,10208659.879664566,6401655.388483133 ,6331118.734230184 ,3237214.774346957 ,190.92679120641301,9478443.565367132           ,4643212.937711089 ,7467458.803077688 ,8176016.413102309 ,516342          ,652143
11 ,120        ,SLC           ,taut          ,0        ,8           ,10245357.06696432 ,6708087.760444234 ,6013587.370781871 ,3057814.1797959567,173.0735360717822 ,9206331.724798324           ,4971682.658835319 ,8220082.789985825 ,7794277.483710377 ,436521          ,635124
12 ,120        ,SLC           ,taut          ,30       ,-8          ,5915428.303507067 ,10072929.296248784,7304575.247069435 ,3308575.9915232207,145.09300482632727,9505994.84151808            ,5962848.553104061 ,9769260.67906422  ,7583043.773197432 ,312564          ,361542
13 ,120        ,SLC           ,taut          ,30       ,0           ,6004894.378377481 ,10193232.270016486,7026791.78663075  ,2988851.4943980416,144.062176039436  ,9455652.267976237           ,6155356.373175483 ,9588068.070605077 ,7562518.0154230045,651324          ,354612
14 ,120        ,SLC           ,taut          ,30       ,8           ,6111459.9618539335,10315057.980208328,6831039.268582496 ,3045799.287474017 ,150.9630996044305 ,9298586.642403401           ,5848124.34585027  ,9364613.57028612  ,7657564.176567036 ,532614          ,356241
15 ,120        ,SLC           ,taut          ,60       ,-8          ,9734329.006535972 ,6331737.086323977 ,6732364.661537568 ,2984052.4884728696,119.71916662456555,8991120.786984129           ,6166967.5646113865,9142539.781278078 ,6150078.710864191 ,261534          ,261534
16 ,120        ,SLC           ,taut          ,60       ,0           ,9950449.38471227  ,6298174.914570825 ,6528046.956576163 ,3524266.25978484  ,66.35147764233075 ,9229495.847326266           ,8046797.769451671 ,8496992.466130387 ,4769260.93461266  ,651342          ,651324
17 ,120        ,SLC           ,taut          ,60       ,8           ,10323759.670720996,6296661.22577093  ,6197614.755924181 ,3504536.4243851206,56.7788310501519  ,9285592.09427662            ,8210970.238473494 ,7983585.131786378 ,4598278.176729754 ,562341          ,456321
18 ,125        ,DLC1.6        ,taut          ,0        ,-8          ,4376161.109101695 ,9747338.43966875  ,9445777.496701907 ,4548984.306682178 ,181.56413267003308,9422576.653981144           ,4569809.952170588 ,9045410.579866843 ,9188788.018406048 ,465213          ,631524
19 ,125        ,DLC1.6        ,taut          ,0        ,0           ,4408935.059337942 ,9623526.411126165 ,9545185.023517977 ,4118724.3551105163,183.44750285407605,9418074.067744121           ,4825242.508977449 ,8793517.88833617  ,9079508.652855396 ,562341          ,461523
20 ,125        ,DLC1.6        ,taut          ,0        ,8           ,4408982.833634161 ,9325712.164868148 ,9736349.702111935 ,4184371.8667734643,185.62350134215535,9470783.233460166           ,4983119.952964007 ,8910622.003521984 ,9384085.300290277 ,641523          ,632541
21 ,125        ,DLC1.6        ,taut          ,30       ,-8          ,5357286.670774265 ,10930661.325314352,7132005.494176917 ,4393095.752868174 ,151.01429926653898,9614604.435053758           ,5342603.886965522 ,10414519.06707654 ,7956327.781986263 ,432615          ,462135
22 ,125        ,DLC1.6        ,taut          ,30       ,0           ,5332070.348282421 ,10859645.177417578,7222872.568165596 ,4213643.42575072  ,160.80331819460082,9710754.289821204           ,4891080.250972144 ,9670342.458750825 ,8070509.101975316 ,361245          ,465213
23 ,125        ,DLC1.6        ,taut          ,30       ,8           ,5318533.162556301 ,10778000.796109634,7321377.3505789535,4245810.09726922  ,162.80446785011952,9592151.604506489           ,5181832.271195698 ,9962553.013675444 ,8513168.342914164 ,615243          ,236541
24 ,125        ,DLC1.6        ,taut          ,60       ,-8          ,6701119.533546103 ,10507301.688703364,6278177.6221417915,4194760.182792658 ,107.40792288452806,9501963.210583381           ,6124793.296454593 ,9690674.080988135 ,5068828.325026842 ,264135          ,245163
25 ,125        ,DLC1.6        ,taut          ,60       ,0           ,6483290.542693955 ,10506476.610890642,6481258.902625446 ,4187402.8281784323,110.5342317336612 ,9393754.202636577           ,5988334.130896236 ,9721127.310585586 ,5193145.900810269 ,361245          ,254163
26 ,125        ,DLC1.6        ,taut          ,60       ,8           ,6202628.666643914 ,10512792.640746672,6738653.561021087 ,3965415.6872296976,94.65417183798218 ,9463863.374002593           ,7581145.70713096  ,10184789.420248078,5621020.118698007 ,452613          ,532164
27 ,125        ,SLC           ,taut          ,0        ,-8          ,10125761.851653354,6310730.4544818625,6887051.075844239 ,3483863.7564170053,186.06297391175556,9438190.357152747           ,5297722.872415654 ,8549651.244646136 ,8974547.382806493 ,356241          ,412635
28 ,125        ,SLC           ,taut          ,0        ,0           ,10123848.927167477,6686487.168028464 ,6481331.161075228 ,2918384.28940379  ,202.84145227797637,9193025.870966649           ,5641375.342653489 ,7676847.17106316  ,8984967.591082731 ,234615          ,564132
29 ,125        ,SLC           ,taut          ,0        ,8           ,10156941.199218888,6987001.477926008 ,6172282.77543573  ,2911532.48291887  ,161.34495018434004,9330344.11831158            ,6047685.109930562 ,9343942.891855229 ,8268557.290174852 ,561324          ,256314
30 ,125        ,SLC           ,taut          ,30       ,-8          ,5969831.498508584 ,10012819.187713832,7499402.131776567 ,3362350.768376864 ,158.93238203118625,9183449.72555003            ,5823279.469065218 ,9658701.699236164 ,8263058.517313967 ,512634          ,615234
31 ,125        ,SLC           ,taut          ,30       ,0           ,6076379.274642825 ,10104819.796918187,7247174.339620326 ,2580291.2094852566,101.72306036842748,9277293.24025819            ,8120454.73471557  ,10103379.581964627,7186064.226943566 ,456132          ,432561
32 ,125        ,SLC           ,taut          ,30       ,8           ,6215065.984878368 ,10227161.794099614,7030328.123859057 ,3117103.293366721 ,137.38923053332127,9415288.101456398           ,6672843.3606730625,10185333.266574273,7748541.5207987875,364512          ,564321
33 ,125        ,SLC           ,taut          ,60       ,-8          ,6191550.940183993 ,7504983.8423581375,9640588.257319456 ,3082484.10302065  ,63.463890638503145,9032213.388681067           ,8370060.359138915 ,8585114.181530818 ,5400734.6356640095,356142          ,352614
34 ,125        ,SLC           ,taut          ,60       ,0           ,9781079.960409295 ,7047087.121221343 ,6499302.603765491 ,3437842.3401867733,62.20074706006972 ,9417418.949474074           ,8396345.540730497 ,8548784.518444758 ,5037258.387592483 ,264135          ,342165
35 ,125        ,SLC           ,taut          ,60       ,8           ,10086818.376868963,7053510.474349564 ,6152124.374547942 ,3205543.4165061507,82.53341726149195 ,9165678.947632682           ,7139320.467770407 ,8557795.529835118 ,4887738.016292628 ,352641          ,354162
36 ,130        ,DLC1.6        ,taut          ,0        ,-8          ,4928130.357024021 ,9798710.617483178 ,9489765.23373789  ,4514647.24233673  ,177.08924798675844,9648190.294617185           ,4819933.523002287 ,9461116.838429628 ,9196395.506682014 ,342615          ,352614
37 ,130        ,DLC1.6        ,taut          ,0        ,0           ,4874356.392737346 ,9683865.962106308 ,9650560.916248314 ,4162904.139869329 ,186.3022038157311 ,9352670.694988871           ,4584760.299145397 ,8458673.664225677 ,8986340.139012123 ,514263          ,641235
38 ,130        ,DLC1.6        ,taut          ,0        ,8           ,4878839.544104591 ,9541040.857334848 ,9796570.806723217 ,4261935.914867515 ,176.3922850686398 ,9242822.639944868           ,4786090.123424821 ,9194414.90638634  ,8884745.111455655 ,564123          ,615342
39 ,130        ,DLC1.6        ,taut          ,30       ,-8          ,5304605.7864031475,10762280.578527635,7630591.026682499 ,4792303.966247727 ,138.45210602207337,9533750.819637837           ,5310829.003731524 ,10732490.694962693,7062302.93750931  ,251643          ,514632
40 ,130        ,DLC1.6        ,taut          ,30       ,0           ,5542324.014349906 ,10614328.183649562,7478570.676070099 ,4086921.180134598 ,140.8880613119265 ,9569756.763638217           ,5662028.453225507 ,10321646.530707734,7344617.080025376 ,342615          ,432561
41 ,130        ,DLC1.6        ,taut          ,30       ,8           ,5491008.240444109 ,10532773.647996115,7615789.666797489 ,4599144.628393365 ,160.62727768585808,9679494.037622737           ,5166892.911020368 ,10386437.882547325,8624836.38811477  ,564123          ,631524
42 ,130        ,DLC1.6        ,taut          ,60       ,-8          ,6362371.912869764 ,10507695.502706252,7427174.206563319 ,4015163.770964774 ,126.46154745604986,9499700.27378028            ,6013284.7069733795,10263819.44161082 ,6535038.44482133  ,251634          ,364215
43 ,130        ,DLC1.6        ,taut          ,60       ,0           ,6120152.88617101  ,10568548.81494754 ,7600324.615144095 ,3992828.1513427864,99.68822080525085 ,9445599.822842365           ,7196557.929698039 ,10140880.905738875,5596114.935243699 ,362541          ,432165
44 ,130        ,DLC1.6        ,taut          ,60       ,8           ,5842310.5880167335,10586768.797773974,7859263.135763977 ,3969439.574242161 ,116.07857929940073,9501219.245417668           ,6250210.33453954  ,10053627.25640548 ,5936751.686108602 ,245361          ,235641
45 ,130        ,SLC           ,taut          ,0        ,-8          ,9846328.78664186  ,6644278.780662687 ,7045971.831460229 ,2958053.5730033037,205.95905192109598,9037795.86667465            ,5439528.575382535 ,7351568.072085667 ,8846703.084870784 ,465321          ,315264
46 ,130        ,SLC           ,taut          ,0        ,0           ,9840405.087708518 ,6923009.403754239 ,6744227.262383211 ,2681528.771905519 ,183.47251097168657,8994871.73638758            ,5481955.062981068 ,8064787.667596262 ,8252333.283986923 ,615342          ,542163
47 ,130        ,SLC           ,taut          ,0        ,8           ,9872714.37517973  ,7082778.787241088 ,6575681.4885180155,2791726.3685693033,169.04951127749882,9109508.021101333           ,5448695.373857606 ,8495768.511418466 ,7883409.799991586 ,364521          ,541362
48 ,130        ,SLC           ,taut          ,30       ,-8          ,6210323.530586146 ,9744960.152040478 ,7708308.145492071 ,2666697.5307076313,146.46799916779344,9135849.469864449           ,6668864.881981243 ,9742253.08695671  ,8041274.394746063 ,346512          ,456132
49 ,130        ,SLC           ,taut          ,30       ,0           ,6356298.787795258 ,9852294.863583839 ,7404003.263211414 ,2516083.0015991763,154.7489188584176 ,9408328.692412527           ,6301148.775064662 ,9196497.388293732 ,7957128.090838097 ,352614          ,452631
50 ,130        ,SLC           ,taut          ,30       ,8           ,6547019.2724314695,10018980.184099015,7101302.820925331 ,3017568.1877535004,105.86320960171552,9080746.932192933           ,7367216.646914361 ,9867889.489997167 ,6516197.728052086 ,612345          ,234561
51 ,130        ,SLC           ,taut          ,60       ,-8          ,6272688.60571903  ,7735191.250949465 ,9521911.317713594 ,2509046.08744419  ,177.46738511090982,9132451.765977345           ,5955852.1455630865,8526458.249150813 ,8398436.69468901  ,356214          ,462531
52 ,130        ,SLC           ,taut          ,60       ,0           ,9577629.04347113  ,7352674.005425169 ,6641940.51987461  ,2760505.365870856 ,39.790497137194606,9226372.169997448           ,9153286.285132624 ,8052132.438899551 ,6012152.466250936 ,231645          ,235641
53 ,130        ,SLC           ,taut          ,60       ,8           ,9875981.534442583 ,7364743.3399548   ,6298514.433551063 ,3089621.0202394025,13.014293028537296,9195770.322965505           ,9871401.707120776 ,7262840.748696668 ,6459441.14228275  ,652134          ,451263
54 ,135        ,DLC1.6        ,taut          ,0        ,-8          ,4965236.570790577 ,9895969.35728613  ,9554015.95383768  ,4214604.842969844 ,174.64434855285512,9358252.104959812           ,4901061.619161412 ,9324386.550697392 ,8870148.733363587 ,314265          ,256314
55 ,135        ,DLC1.6        ,taut          ,0        ,0           ,4912369.00671418  ,9730275.450331803 ,9758630.917121813 ,4158011.8256521127,174.46252075331688,9544549.481234865           ,4938141.4535008725,9308402.217021149 ,8845095.864129579 ,246531          ,345162
56 ,135        ,DLC1.6        ,taut          ,0        ,8           ,4929664.121249238 ,9554369.16151798  ,9932395.199809521 ,3906090.0886144754,181.2469899179678 ,9429397.128722597           ,4881509.487287245 ,8737596.4135997   ,8835752.59334983  ,254163          ,641325
57 ,135        ,DLC1.6        ,taut          ,30       ,-8          ,5381028.838365132 ,10738400.16199631 ,8338652.807896472 ,4641949.591957828 ,145.97270750422888,9768679.26969472            ,5174713.174354914 ,10521539.31529552 ,7522114.468668155 ,412365          ,531264
58 ,135        ,DLC1.6        ,taut          ,30       ,0           ,5237324.997728691 ,10639485.177653326,8578442.940645413 ,4192444.718784841 ,146.6662239100188 ,9648054.06380005            ,5477438.752823121 ,10310264.514873471,7650050.310402909 ,645312          ,562143
59 ,135        ,DLC1.6        ,taut          ,30       ,8           ,5165328.757468403 ,10514835.626802385,8778250.893196024 ,4055823.8667329988,163.5027870959349 ,9770991.469019966           ,5322520.487308349 ,9876330.400686081 ,8546430.561500821 ,362145          ,352614
60 ,135        ,DLC1.6        ,taut          ,60       ,-8          ,6480824.504300702 ,10743065.464437535,7260914.721657403 ,3743775.8590894653,95.34031282619927 ,9669233.402638348           ,7671381.640427314 ,10171907.2117672  ,5867731.103259236 ,465213          ,461325
61 ,135        ,DLC1.6        ,taut          ,60       ,0           ,6232412.070699645 ,10799843.341997646,7440996.686457562 ,3607404.1313584624,154.52015481199962,9685890.238070162           ,6036013.046958687 ,10188528.559756935,8396569.508806014 ,241563          ,215643
62 ,135        ,DLC1.6        ,taut          ,60       ,8           ,5985841.425463412 ,10783019.306761319,7694913.962174031 ,3916507.5724749556,134.35115710155   ,9669264.099725557           ,5894072.5328831505,10248834.247723227,7015011.545961537 ,561324          ,412635
63 ,135        ,SLC           ,taut          ,0        ,-8          ,9658961.324286735 ,6936234.01923946  ,7178122.111265953 ,2630843.8013442284,190.3490115999242 ,9128080.308199527           ,5833337.046732407 ,8148517.32944643  ,8694245.802139796 ,234561          ,532614
64 ,135        ,SLC           ,taut          ,0        ,0           ,9652110.9231996   ,7065494.412715308 ,7028881.482038934 ,2525929.0568881254,188.652492312592  ,9061110.032153502           ,5998617.017345157 ,8276403.180366622 ,8715193.605486002 ,542361          ,634521
65 ,135        ,SLC           ,taut          ,0        ,8           ,9681353.76775676  ,7153419.889357192 ,6934512.215438493 ,2860130.966035857 ,162.955542106175  ,9139316.342891643           ,5895592.187633631 ,9114117.155789033 ,8146081.554255569 ,642513          ,564213
66 ,135        ,SLC           ,taut          ,30       ,-8          ,6422722.219919304 ,9534498.291710429 ,7879823.907622756 ,2607340.2965625008,175.7477653271808 ,9174036.484086167           ,6174243.230905595 ,8886023.950287618 ,8662788.621737843 ,246513          ,246513
67 ,135        ,SLC           ,taut          ,30       ,0           ,6587724.73915358  ,9660353.732057266 ,7535219.220227599 ,2703834.0355913755,128.17193152626794,9092209.777447766           ,6470341.865003957 ,9368616.400539862 ,6914132.411724669 ,256341          ,435612
68 ,135        ,SLC           ,taut          ,30       ,8           ,6786529.8829615535,9853858.894769263 ,7189556.984292815 ,2485316.2774084317,45.34233520942699 ,9277624.322640453           ,9223557.721466547 ,8497375.427391168 ,6456034.946043497 ,451263          ,246531
69 ,135        ,SLC           ,taut          ,60       ,-8          ,5972354.890684892 ,8565599.978890134 ,9438887.1930778   ,2256979.9049911266,206.42896173905032,8990402.100356642           ,6579286.302166715 ,8020402.464053818 ,9180361.984063415 ,345612          ,264135
70 ,135        ,SLC           ,taut          ,60       ,0           ,9459734.20248117  ,7027878.218444875 ,6958009.463638879 ,2468564.7875939966,68.84857108148842 ,9025581.436308471           ,8539616.942614842 ,8978083.691513982 ,6319665.557122812 ,516243          ,562314
71 ,135        ,SLC           ,taut          ,60       ,8           ,9687881.9950729   ,7236750.784369833 ,6580824.224660148 ,2911095.9198249863,71.32846233987856 ,9104807.259526897           ,8138998.727184033 ,8799298.107588237 ,5614768.799921062 ,315642          ,435162
72 ,140        ,DLC1.6        ,taut          ,0        ,-8          ,5033755.473027581 ,9969131.365385609 ,9525606.293370634 ,3860276.0087112356,174.2779988711675 ,9556289.96732985            ,5194576.017221341 ,9257826.266518965 ,8813409.043223541 ,564312          ,542163
73 ,140        ,DLC1.6        ,taut          ,0        ,0           ,5004147.261690717 ,9808656.446385987 ,9716222.113369327 ,3909934.3014086685,183.02357482773627,9351559.898973495           ,5264202.14619275  ,9049622.674916636 ,9287764.307536017 ,346512          ,452163
74 ,140        ,DLC1.6        ,taut          ,0        ,8           ,4997137.193092981 ,9642898.934753392 ,9866398.438288864 ,4055174.3875593916,172.8871562227197 ,9581599.120814387           ,5037939.873453308 ,9351809.973782493 ,8772002.972202435 ,542361          ,562143
75 ,140        ,DLC1.6        ,taut          ,30       ,-8          ,5459397.837031417 ,10837883.762743438,8285875.172093045 ,3816266.0781756747,152.03042688875018,9632771.035372643           ,5392286.251068383 ,9796164.046476234 ,7729436.286514756 ,356142          ,635142
76 ,140        ,DLC1.6        ,taut          ,30       ,0           ,5339879.014215681 ,10737396.602257766,8499387.888523495 ,4144422.32834384  ,142.40376926789872,9813767.284480972           ,5782529.424572122 ,10526099.12759938 ,7606458.190907924 ,534612          ,461532
77 ,140        ,DLC1.6        ,taut          ,30       ,8           ,5283043.718574638 ,10620752.356409516,8671618.664776739 ,4208056.496900846 ,165.2993794588277 ,9762865.136414519           ,5233165.454704387 ,9920007.341204954 ,8686935.14016014  ,564321          ,564231
78 ,140        ,DLC1.6        ,taut          ,60       ,-8          ,6576409.7243469935,10760637.951030668,7239833.477615534 ,3759902.2225223603,100.96104103924965,9795827.935339393           ,6940786.8169233   ,9786878.555694701 ,5524521.839677116 ,432165          ,254613
79 ,140        ,DLC1.6        ,taut          ,60       ,0           ,6373237.749962392 ,10764622.753716249,7430602.238270116 ,3967690.1555524296,119.22821411616937,9616473.189908301           ,6134799.119676138 ,10071273.421283219,6073087.32406306  ,516234          ,354612
80 ,140        ,DLC1.6        ,taut          ,60       ,8           ,6167784.87205792  ,10735438.534625687,7654718.207605024 ,4002079.2567810765,126.30835639680697,9630712.605815966           ,5953583.810404546 ,10185317.46260837 ,6461358.25726899  ,436512          ,316245
81 ,140        ,SLC           ,taut          ,0        ,-8          ,9644795.820701774 ,6973703.519944902 ,7309301.864659649 ,2460709.2219693544,187.83894520508946,9060141.953945505           ,6018450.235399158 ,8262398.416184934 ,8649931.628373312 ,514632          ,536142
82 ,140        ,SLC           ,taut          ,0        ,0           ,9639958.329363892 ,7105293.169556334 ,7156668.939054232 ,2433819.030238245 ,173.15519427763317,9052809.910455486           ,5961586.784401134 ,8545527.349899264 ,8210590.732926763 ,631245          ,415623
83 ,140        ,SLC           ,taut          ,0        ,8           ,9662924.312085606 ,7283908.337380714 ,6977173.751388212 ,2560418.4760317667,182.4463493179576 ,9169527.096127126           ,5945704.506508222 ,8440691.691119218 ,8566887.286321213 ,341625          ,361245
84 ,140        ,SLC           ,taut          ,30       ,-8          ,6516938.503625128 ,9544456.61163637  ,7947748.925340052 ,2523150.0518207126,159.77226783791394,9022628.824709743           ,6214655.961247743 ,9085864.538003232 ,8078520.877721443 ,456312          ,651234
85 ,140        ,SLC           ,taut          ,30       ,0           ,6655000.734422557 ,9651735.730047746 ,7646453.734072338 ,2327234.916605768 ,175.785085560353  ,9069574.391062817           ,6401629.897565316 ,8821324.355558004 ,8623816.69633983  ,354162          ,465213
86 ,140        ,SLC           ,taut          ,30       ,8           ,6823829.858520061 ,9823872.656134816 ,7344345.196135346 ,2632640.4234623536,130.43101080138752,9282897.990208048           ,6894936.6402115105,9759259.256516846 ,7445317.044999088 ,236514          ,635214
87 ,140        ,SLC           ,taut          ,60       ,-8          ,6522189.346019105 ,8036767.026646601 ,9364230.982056217 ,2425895.4096073015,159.30925417176832,9073552.013302473           ,5941120.323384536 ,8705410.367327085 ,7715685.9781898195,564321          ,412635
88 ,140        ,SLC           ,taut          ,60       ,0           ,9506810.533678913 ,7299507.287128534 ,6778002.643259577 ,2581010.303393693 ,78.42925848833785 ,9133794.819774695           ,7844389.834050359 ,8786560.739966955 ,5866832.872474099 ,645321          ,532641
89 ,140        ,SLC           ,taut          ,60       ,8           ,9796838.795202056 ,7312699.273834272 ,6635849.878332019 ,2890005.8031186   ,57.900906565069384,9281707.383514872           ,8617026.996749727 ,8494796.362640442 ,5667845.147199145 ,531642          ,245613
90 ,145        ,DLC1.6        ,taut          ,0        ,-8          ,5158372.968675359 ,10018489.122107174,9460129.233601734 ,4250927.63003965  ,170.11910445240036,9427368.910181483           ,5004349.751197106 ,9613376.642558714 ,8771066.688825479 ,536214          ,654231
91 ,145        ,DLC1.6        ,taut          ,0        ,0           ,5124403.990649958 ,9892820.683506778 ,9621773.637859182 ,3838803.047676139 ,189.48599694080792,9732870.11308944            ,4968796.972530336 ,8389841.51752098  ,9120374.243328627 ,516234          ,635124
92 ,145        ,DLC1.6        ,taut          ,0        ,8           ,5168784.352511396 ,9669911.56721799  ,9797405.627534356 ,3878513.5847821995,195.40862484097707,9438111.575742092           ,4927577.063012666 ,8071704.709455344 ,9261653.492015552 ,416325          ,635214
93 ,145        ,DLC1.6        ,taut          ,30       ,-8          ,5572038.994815541 ,10855857.078744447,8239407.832636228 ,4008446.644783062 ,156.33597838004937,9699475.538689794           ,5524579.946807864 ,10124863.547299046,8267087.65934947  ,641235          ,456312
94 ,145        ,DLC1.6        ,taut          ,30       ,0           ,5474911.523499702 ,10766775.159757659,8421572.182269238 ,3804056.4252934544,159.78601405753105,9657322.212366568           ,5370616.738536235 ,9699248.637376262 ,8181504.1844474245,432615          ,451632
95 ,145        ,DLC1.6        ,taut          ,30       ,8           ,5433079.052877031 ,10651676.7689128  ,8580539.266203873 ,3905244.588288914 ,152.74527923797194,9622750.778261157           ,5498399.867911208 ,10002612.634879887,7937551.1838773   ,412365          ,532641
96 ,145        ,DLC1.6        ,taut          ,60       ,-8          ,6701957.519273849 ,10723597.529682204,7268946.006220568 ,3848018.35434636  ,105.98458335363308,9721617.475174125           ,6988232.525823554 ,10183650.811890889,5912138.80810134  ,642513          ,416523
97 ,145        ,DLC1.6        ,taut          ,60       ,0           ,6521383.473553358 ,10712165.64735348 ,7449347.129429717 ,4130002.10101853  ,102.64096479459809,9726064.822816398           ,7099258.779869509 ,10329732.181053719,5676412.440517106 ,362145          ,254361
98 ,145        ,DLC1.6        ,taut          ,60       ,8           ,6349594.47347542  ,10683079.945692193,7645197.887521165 ,4012266.884835229 ,131.87372756807298,9554116.663633805           ,6177530.241697193 ,10580577.539857112,7130788.5252517145,316542          ,346125
99 ,145        ,SLC           ,taut          ,0        ,-8          ,9712391.57385902  ,6925829.830334942 ,7457161.599085411 ,2671563.397701839 ,195.9064089028997 ,9278688.187479606           ,5946064.75068952  ,8092607.492706213 ,8938064.002472462 ,645321          ,346215
100,145        ,SLC           ,taut          ,0        ,0           ,9709154.546209095 ,7171093.902806989 ,7189433.484236444 ,2672415.9879888985,171.6051866310637 ,9036854.456517907           ,5688831.148783137 ,8557869.943068717 ,8107357.411004586 ,635124          ,316542
101,145        ,SLC           ,taut          ,0        ,8           ,9726704.038074832 ,7466272.058196551 ,6898612.271187861 ,2605347.5098194103,148.98754589965318,9283526.462745808           ,6212703.855252593 ,9220630.35065762  ,7670631.295125501 ,634521          ,564231
102,145        ,SLC           ,taut          ,30       ,-8          ,6087566.275084674 ,9672824.782988548 ,7943239.583580223 ,2234337.688283699 ,159.7307596476471 ,9117361.871196682           ,6648554.97867632  ,9191427.251315767 ,8297635.602664091 ,246135          ,352614
103,145        ,SLC           ,taut          ,30       ,0           ,6259539.359068858 ,9775706.23949484  ,7627844.5368051315,2311432.7248623525,132.96105405969752,9069319.29040039            ,7139955.50253206  ,9691813.940451367 ,7738584.842428072 ,451263          ,254631
104,145        ,SLC           ,taut          ,30       ,8           ,6827835.065189032 ,9835927.850385372 ,7435955.04552604  ,2257598.3181834402,115.84708141581376,9417505.963927934           ,7201315.324359785 ,9358593.63355348  ,7012530.757868659 ,546123          ,364125
105,145        ,SLC           ,taut          ,60       ,-8          ,6686548.1799084805,7888768.403831188 ,9515010.712425778 ,2219971.3776779375,148.79301266043169,9075141.380155206           ,6377469.037003468 ,8940302.419629516 ,7612123.485187901 ,654213          ,652134
106,145        ,SLC           ,taut          ,60       ,0           ,9568148.100520652 ,7423257.352773183 ,6814097.034740058 ,2536829.6275627054,58.57886092705452 ,9177100.801758002           ,8832568.01153265  ,8759918.93713399  ,6260194.1563444715,462531          ,365241
107,145        ,SLC           ,taut          ,60       ,8           ,9852182.642794373 ,7427335.375659821 ,6478959.960748978 ,2492205.830141204 ,37.3567102792931  ,9235724.483372657           ,9114030.142058792 ,8006116.73248839  ,6259967.829380688 ,514362          ,456312
108,150        ,DLC1.6        ,taut          ,0        ,-8          ,5179574.9414319135,10004797.57502821 ,9517816.01246046  ,3885376.298930875 ,165.08243501876413,9529485.930182679           ,4997380.121066422 ,9329279.137674399 ,8174337.624752698 ,512643          ,645132
109,150        ,DLC1.6        ,taut          ,0        ,0           ,5270228.672921535 ,9859076.21057938  ,9558958.83194737  ,3859378.116526164 ,175.67935953805895,9535246.303981047           ,5045296.483300633 ,9061575.475246038 ,8725837.46828981  ,342615          ,642513
110,150        ,DLC1.6        ,taut          ,0        ,8           ,5217743.042913217 ,9663909.324874643 ,9832172.825993866 ,4149546.6343646776,175.04882964197498,9615577.430093875           ,5012392.175927981 ,9353223.862371393 ,8939686.635686368 ,632514          ,246513
111,150        ,DLC1.6        ,taut          ,30       ,-8          ,5728192.413988743 ,10805965.749601481,8209405.011121076 ,4000960.274427877 ,144.4388796302223 ,9769988.589727167           ,5929482.905708522 ,10527649.76203713 ,7840843.1225857185,416523          ,541623
112,150        ,DLC1.6        ,taut          ,30       ,0           ,5617889.031474497 ,10724120.828502791,8393452.940489056 ,3993746.8950795657,148.52788798253368,9751325.029948704           ,5599505.99970626  ,10209565.627160307,7801934.958435158 ,462531          ,514263
113,150        ,DLC1.6        ,taut          ,30       ,8           ,5582357.244374189 ,10596332.599662649,8556490.4528343   ,3960153.3382999096,151.24310478724212,9611287.954539366           ,5743314.082612558 ,10315029.045755474,8115085.385419521 ,645123          ,265341
114,150        ,DLC1.6        ,taut          ,60       ,-8          ,6786577.483221558 ,10690036.141720474,7284755.296590835 ,4232347.679771895 ,102.58005472353705,9565508.386707004           ,6948601.122129482 ,10255305.22451717 ,5485537.304587277 ,651342          ,532614
115,150        ,DLC1.6        ,taut          ,60       ,0           ,6598339.1929712   ,10717097.270853993,7436766.357246388 ,3573446.5581227113,106.97537176975368,9690691.54047559            ,7605186.046248907 ,10621732.153882334,6675251.256351253 ,236145          ,652341
116,150        ,DLC1.6        ,taut          ,60       ,8           ,6437591.036654667 ,10691156.728199083,7616365.60653871  ,3665332.5866318317,111.8195020033903 ,9786109.409159722           ,7041056.873600647 ,10367978.019649757,6438825.5574655915,261345          ,645321
117,150        ,SLC           ,taut          ,0        ,-8          ,9688002.195224592 ,6958794.749007182 ,7563843.175762874 ,2638649.624389735 ,185.0325752376514 ,9176964.907523591           ,5737706.732165842 ,8232546.260869681 ,8499822.38507252  ,431265          ,516342
118,150        ,SLC           ,taut          ,0        ,0           ,9684686.96072071  ,7283447.552596868 ,7217883.438817229 ,2425298.344376045 ,191.60791458541053,9173035.284419762           ,5850935.236183806 ,7944881.923013386 ,8508378.235869631 ,316524          ,651234
119,150        ,SLC           ,taut          ,0        ,8           ,9700081.733680455 ,7595142.203616803 ,6913162.91372945  ,2637278.905267337 ,171.45448819067778,9276004.722734464           ,5713624.591873305 ,8547880.507957842 ,8095369.093301038 ,534261          ,342561
120,150        ,SLC           ,taut          ,30       ,-8          ,6179175.071810293 ,9764621.226795169 ,7861591.795449321 ,2537868.813363315 ,159.82327128929495,9209431.148298971           ,6385861.7777600745,9273375.594159136 ,8262603.7710612845,635124          ,316245
121,150        ,SLC           ,taut          ,30       ,0           ,6592856.216922135 ,9883656.740547985 ,7513392.983391063 ,2546838.717742871 ,149.73729223307296,9322115.321384912           ,6527925.290461022 ,9468730.416042112 ,7986650.344478783 ,614532          ,264315
122,150        ,SLC           ,taut          ,30       ,8           ,6661271.667884537 ,9937086.45640064  ,7417155.4800874   ,2570764.695757451 ,124.08923120532782,9296373.420413634           ,7109057.687863724 ,9779118.261310242 ,7320738.731676421 ,564312          ,354162
123,150        ,SLC           ,taut          ,60       ,-8          ,6749777.037288786 ,7780805.040441999 ,9659593.392165042 ,2499621.662169603 ,106.61700537667242,9013133.235190434           ,6802305.137040359 ,8900016.636336856 ,6134241.172992896 ,546312          ,562314
124,150        ,SLC           ,taut          ,60       ,0           ,6882122.746500178 ,7794263.150935065 ,9504337.131460566 ,2851818.8921118155,58.70018686590924 ,9177464.210634118           ,8686560.838137887 ,8611862.258152874 ,5798126.476630145 ,365124          ,634215
125,150        ,SLC           ,taut          ,60       ,8           ,9745848.318788376 ,7628508.148174425 ,6542996.543479235 ,2894351.1610794966,54.32474066874142 ,9319322.089586917           ,8704503.998741876 ,8374002.623206919 ,5659089.205542319 ,512643          ,362145
